Date,open,high,low,close,adjclose,volume,ticker
2021-01-29,24.89999962,25.79999924,24.35000038,24.79999924,21.36366653,381938573,IRFC.NS
2021-02-01,25.25,25.39999962,24.89999962,25.10000038,21.62209511,72044464,IRFC.NS
2021-02-02,25.45000076,25.45000076,24.70000076,24.75,21.32059288,36735442,IRFC.NS
2021-02-03,24.79999924,24.89999962,24.04999924,24.25,20.8898735,45816269,IRFC.NS
2021-02-04,24.25,25.79999924,23.85000038,25.35000038,21.83745766,88486029,IRFC.NS
2021-02-05,25.60000038,26.20000076,25.54999924,25.70000076,22.13896179,56318695,IRFC.NS
2021-02-08,25.89999962,25.95000076,25.60000038,25.75,22.18202972,28324374,IRFC.NS
2021-02-09,25.75,25.79999924,25.20000076,25.29999924,21.794384,25243532,IRFC.NS
2021-02-10,25.39999962,25.79999924,25,25.39999962,21.8805275,33132159,IRFC.NS
2021-02-11,25.39999962,25.64999962,25.25,25.39999962,21.8805275,13586295,IRFC.NS
2021-02-12,25.5,25.54999924,25.29999924,25.39999962,21.8805275,15658220,IRFC.NS
2021-02-15,26.20000076,26.20000076,25.64999962,25.75,22.18202972,45629832,IRFC.NS
2021-02-16,25.89999962,26,25.79999924,25.89999962,22.31124687,34557518,IRFC.NS
2021-02-17,25.29999924,25.60000038,24.89999962,25.29999924,22.7152729,28638408,IRFC.NS
2021-02-18,25.45000076,25.79999924,25.39999962,25.64999962,23.02951622,21022422,IRFC.NS
2021-02-19,25.64999962,25.70000076,25.20000076,25.35000038,22.76016617,14542153,IRFC.NS
2021-02-22,25.29999924,25.39999962,24.95000076,25,22.44592285,16652770,IRFC.NS
2021-02-23,25,25.14999962,24.89999962,24.95000076,22.40103149,13021961,IRFC.NS
2021-02-24,24.89999962,25.20000076,24.85000038,24.89999962,22.35613823,10958830,IRFC.NS
2021-02-25,24.95000076,25.20000076,24.89999962,24.95000076,22.40103149,22761296,IRFC.NS
2021-02-26,24.85000038,24.95000076,24.5,24.64999962,22.13167763,36424500,IRFC.NS
2021-03-01,24.64999962,26.70000076,24.64999962,25.89999962,23.25397491,93579588,IRFC.NS
2021-03-02,26.10000038,26.29999924,25.45000076,25.64999962,23.02951622,48494934,IRFC.NS
2021-03-03,25.79999924,25.95000076,25.45000076,25.5,22.89483833,18806435,IRFC.NS
2021-03-04,25.25,25.70000076,25.25,25.39999962,22.80505562,21742960,IRFC.NS
2021-03-05,25.39999962,25.54999924,24.79999924,24.95000076,22.40103149,25255199,IRFC.NS
2021-03-08,25.10000038,25.25,24.79999924,24.85000038,22.31124878,16353985,IRFC.NS
2021-03-09,24.95000076,25.5,24.79999924,24.95000076,22.40103149,21380757,IRFC.NS
2021-03-10,25,25.10000038,24.85000038,24.85000038,22.31124878,11360743,IRFC.NS
2021-03-12,24.89999962,25.04999924,24.79999924,24.85000038,22.31124878,17086939,IRFC.NS
2021-03-15,24.89999962,24.95000076,24.5,24.64999962,22.13167763,17382950,IRFC.NS
2021-03-16,24.64999962,24.79999924,24.5,24.54999924,22.04189491,9649363,IRFC.NS
2021-03-17,24.54999924,24.60000038,24.10000038,24.14999962,21.68276024,14312130,IRFC.NS
2021-03-18,24.20000076,24.60000038,23.89999962,24.04999924,21.59297752,16168159,IRFC.NS
2021-03-19,24,24.10000038,23.5,23.95000076,21.5031929,15260549,IRFC.NS
2021-03-22,24,24.5,23.85000038,23.89999962,21.45830154,13817385,IRFC.NS
2021-03-23,23.89999962,24.10000038,23.75,23.79999924,21.36851883,13742805,IRFC.NS
2021-03-24,23.79999924,23.89999962,23.39999962,23.45000076,21.05427551,16788250,IRFC.NS
2021-03-25,23.45000076,23.54999924,22.89999962,22.95000076,20.60535622,19233029,IRFC.NS
2021-03-26,23.20000076,23.29999924,22.89999962,23.04999924,20.69513893,16323314,IRFC.NS
2021-03-30,23.14999962,23.29999924,22.89999962,22.95000076,20.60535622,14301425,IRFC.NS
2021-03-31,22.95000076,23.10000038,22.89999962,22.89999962,20.56046295,11770453,IRFC.NS
2021-04-01,23,23.20000076,22.70000076,22.85000038,20.5155735,18367745,IRFC.NS
2021-04-05,22.85000038,22.89999962,22.29999924,22.5,20.20133018,20106460,IRFC.NS
2021-04-06,22.5,22.5,21.89999962,22,19.75241089,25085603,IRFC.NS
2021-04-07,22,22.29999924,21.89999962,22.14999962,19.88708687,14507382,IRFC.NS
2021-04-08,22.10000038,22.35000038,21.89999962,21.95000076,19.70751953,18025782,IRFC.NS
2021-04-09,22,22.04999924,21.89999962,21.95000076,19.70751953,16396258,IRFC.NS
2021-04-12,21.85000038,21.85000038,20.79999924,20.85000038,18.71990013,25942981,IRFC.NS
2021-04-13,20.85000038,21.5,20.79999924,21.45000076,19.25860214,14831755,IRFC.NS
2021-04-15,21.29999924,21.35000038,20.89999962,21.10000038,18.94435883,18166238,IRFC.NS
2021-04-16,21.25,22,21.04999924,21.75,19.52795219,22174311,IRFC.NS
2021-04-19,21.20000076,21.35000038,20.89999962,21.14999962,18.98925018,10477070,IRFC.NS
2021-04-20,21.14999962,21.64999962,21.10000038,21.25,19.07903481,12199610,IRFC.NS
2021-04-22,21.14999962,21.29999924,21,21.04999924,18.89946556,8974995,IRFC.NS
2021-04-23,21.10000038,21.5,21,21.10000038,18.94435883,15602661,IRFC.NS
2021-04-26,21.10000038,21.35000038,20.95000076,21,18.8545742,12051423,IRFC.NS
2021-04-27,21.10000038,21.5,21.04999924,21.20000076,19.03414536,14181276,IRFC.NS
2021-04-28,21.29999924,21.35000038,21.10000038,21.14999962,18.98925018,14514238,IRFC.NS
2021-04-29,21.29999924,21.29999924,21.10000038,21.14999962,18.98925018,9521946,IRFC.NS
2021-04-30,21.04999924,21.39999962,21,21.29999924,19.12392616,11713860,IRFC.NS
2021-05-03,21.14999962,21.25,20.95000076,21.04999924,18.89946556,17512189,IRFC.NS
2021-05-04,21.14999962,21.14999962,20.89999962,20.95000076,18.80968285,26418223,IRFC.NS
2021-05-05,21,21.20000076,20.95000076,21,18.8545742,9381211,IRFC.NS
2021-05-06,21.10000038,21.14999962,21,21.10000038,18.94435883,7525053,IRFC.NS
2021-05-07,21.10000038,21.14999962,21,21.10000038,18.94435883,8322642,IRFC.NS
2021-05-10,21.14999962,22.70000076,21.10000038,22.54999924,20.24622154,51346170,IRFC.NS
2021-05-11,22.35000038,23.10000038,22.20000076,22.95000076,20.60535622,33120701,IRFC.NS
2021-05-12,23,23.79999924,23,23.39999962,21.00938225,34159626,IRFC.NS
2021-05-14,23.70000076,23.85000038,23,23.04999924,20.69513893,18230175,IRFC.NS
2021-05-17,23.14999962,23.45000076,23,23.04999924,20.69513893,13816130,IRFC.NS
2021-05-18,23.25,23.25,22.89999962,23.10000038,20.7400322,9997457,IRFC.NS
2021-05-19,23.10000038,23.54999924,23.04999924,23.10000038,20.7400322,19146895,IRFC.NS
2021-05-20,23.20000076,23.64999962,22.95000076,23.10000038,20.7400322,21995952,IRFC.NS
2021-05-21,23.20000076,23.39999962,23.14999962,23.35000038,20.9644928,14712804,IRFC.NS
2021-05-24,23.85000038,24.14999962,23.70000076,24,21.54808807,32823856,IRFC.NS
2021-05-25,24.20000076,24.25,23.85000038,23.95000076,21.5031929,15738661,IRFC.NS
2021-05-26,24.10000038,24.10000038,23.79999924,23.85000038,21.41341209,10671045,IRFC.NS
2021-05-27,23.85000038,23.95000076,23.54999924,23.64999962,21.23384285,10133530,IRFC.NS
2021-05-28,23.64999962,23.75,23.29999924,23.45000076,21.05427551,10532654,IRFC.NS
2021-05-31,23.45000076,23.95000076,23.35000038,23.75,21.32362556,19396582,IRFC.NS
2021-06-01,23.79999924,23.89999962,23.5,23.60000038,21.18894958,11780039,IRFC.NS
2021-06-02,23.54999924,24,23.45000076,23.5,21.09916687,12961145,IRFC.NS
2021-06-03,23.60000038,23.70000076,23.54999924,23.60000038,21.18894958,10748652,IRFC.NS
2021-06-04,23.54999924,23.95000076,23.45000076,23.70000076,21.27873611,21328589,IRFC.NS
2021-06-07,24,24.85000038,23.89999962,24.70000076,22.1765728,42832019,IRFC.NS
2021-06-08,24.95000076,25,24.39999962,24.75,22.22146225,25856634,IRFC.NS
2021-06-09,24.85000038,24.95000076,24.20000076,24.29999924,21.81743431,28032813,IRFC.NS
2021-06-10,24.5,24.70000076,24.29999924,24.5,21.99700356,17127778,IRFC.NS
2021-06-11,24.60000038,24.75,24.35000038,24.45000076,21.95211029,15835535,IRFC.NS
2021-06-14,24.70000076,24.79999924,24.20000076,24.70000076,22.1765728,18111116,IRFC.NS
2021-06-15,25,25.60000038,24.79999924,25.20000076,22.6254921,54064001,IRFC.NS
2021-06-16,25.29999924,25.5,24.85000038,24.95000076,22.40103149,27411596,IRFC.NS
2021-06-17,24.89999962,25.25,24.54999924,24.70000076,22.1765728,24326370,IRFC.NS
2021-06-18,25,25.20000076,24.20000076,24.54999924,22.04189491,78058672,IRFC.NS
2021-06-21,24.5,24.95000076,24.29999924,24.89999962,22.35613823,14319848,IRFC.NS
2021-06-22,25.20000076,25.29999924,24.89999962,24.95000076,22.40103149,19440926,IRFC.NS
2021-06-23,25.10000038,25.10000038,24.70000076,24.85000038,22.31124878,13104410,IRFC.NS
2021-06-24,24.95000076,25,24.64999962,24.70000076,22.1765728,8410959,IRFC.NS
2021-06-25,24.70000076,24.85000038,24.60000038,24.70000076,22.1765728,8120462,IRFC.NS
2021-06-28,25,25.10000038,24.70000076,24.75,22.22146225,14044388,IRFC.NS
2021-06-29,24.89999962,26.45000076,24.70000076,25.29999924,22.7152729,100006129,IRFC.NS
2021-06-30,25.39999962,25.45000076,24.60000038,24.85000038,22.31124878,34846415,IRFC.NS
2021-07-01,24.95000076,25,24.20000076,24.25,21.77254295,23822346,IRFC.NS
2021-07-02,24.45000076,24.60000038,24.25,24.35000038,21.86232948,14428073,IRFC.NS
2021-07-05,24.5,24.64999962,24.25,24.35000038,21.86232948,20315538,IRFC.NS
2021-07-06,24.35000038,24.5,23.75,24.04999924,21.59297752,17324102,IRFC.NS
2021-07-07,23.85000038,24.35000038,23.64999962,23.79999924,21.36851883,16098633,IRFC.NS
2021-07-08,23.85000038,24.20000076,23.70000076,23.79999924,21.36851883,14740358,IRFC.NS
2021-07-09,23.85000038,23.89999962,23.64999962,23.70000076,21.27873611,8652360,IRFC.NS
2021-07-12,23.95000076,24,23.64999962,23.85000038,21.41341209,13596595,IRFC.NS
2021-07-13,23.95000076,24.04999924,23.70000076,23.70000076,21.27873611,13753544,IRFC.NS
2021-07-14,23.79999924,23.85000038,23.45000076,23.5,21.09916687,15287631,IRFC.NS
2021-07-15,23.54999924,23.60000038,23.20000076,23.20000076,20.82981682,13068468,IRFC.NS
2021-07-16,23.35000038,23.54999924,23.25,23.29999924,20.91959953,16212009,IRFC.NS
2021-07-19,23.25,23.45000076,23.14999962,23.35000038,20.9644928,9181862,IRFC.NS
2021-07-20,23.35000038,23.45000076,23.20000076,23.25,20.87470627,7502994,IRFC.NS
2021-07-22,23.39999962,23.64999962,23.29999924,23.54999924,21.14405823,9446372,IRFC.NS
2021-07-23,23.60000038,23.60000038,23.25,23.29999924,20.91959953,6701681,IRFC.NS
2021-07-26,23.25,23.39999962,23.20000076,23.25,20.87470627,7567068,IRFC.NS
2021-07-27,23.25,23.35000038,23,23.10000038,20.7400322,8964578,IRFC.NS
2021-07-28,23.04999924,23.10000038,22.85000038,23,20.65024757,8776723,IRFC.NS
2021-07-29,23,23.10000038,22.85000038,22.85000038,20.5155735,6718597,IRFC.NS
2021-07-30,22.95000076,23.20000076,22.85000038,23,20.65024757,7024120,IRFC.NS
2021-08-02,23.14999962,23.79999924,23.10000038,23.29999924,20.91959953,18872464,IRFC.NS
2021-08-03,23.35000038,23.75,23.25,23.54999924,21.14405823,11062324,IRFC.NS
2021-08-04,23.64999962,23.70000076,23.20000076,23.60000038,21.18894958,15813294,IRFC.NS
2021-08-05,23.60000038,23.79999924,23.20000076,23.64999962,21.23384285,10469724,IRFC.NS
2021-08-06,23.5,23.60000038,23.29999924,23.54999924,21.14405823,8223906,IRFC.NS
2021-08-09,23.54999924,23.64999962,23.35000038,23.54999924,21.14405823,7670837,IRFC.NS
2021-08-10,23.54999924,23.54999924,23,23.04999924,20.69513893,7343285,IRFC.NS
2021-08-11,23.04999924,23.20000076,22.79999924,23.04999924,20.69513893,8655301,IRFC.NS
2021-08-12,23.14999962,24.10000038,23.04999924,23.95000076,21.5031929,13674855,IRFC.NS
2021-08-13,24,24.14999962,23.70000076,23.79999924,21.36851883,9734894,IRFC.NS
2021-08-16,24.25,24.25,23.64999962,23.75,21.32362556,9160653,IRFC.NS
2021-08-17,23.75,23.75,23.25,23.35000038,20.9644928,7973831,IRFC.NS
2021-08-18,23.35000038,23.89999962,23.10000038,23.45000076,21.05427551,7908641,IRFC.NS
2021-08-20,23.29999924,23.35000038,22.95000076,23,20.65024757,9048947,IRFC.NS
2021-08-23,23.14999962,23.29999924,22.54999924,22.75,20.42578888,9143940,IRFC.NS
2021-08-24,22.60000038,23.04999924,22.60000038,22.95000076,20.60535622,8233304,IRFC.NS
2021-08-25,23,23.25,23,23.04999924,20.69513893,3960870,IRFC.NS
2021-08-26,23.10000038,23.20000076,22.85000038,22.89999962,20.56046295,4388277,IRFC.NS
2021-08-27,22.85000038,23,22.75,22.85000038,20.5155735,6665003,IRFC.NS
2021-08-30,22.89999962,23.14999962,22.89999962,23,20.65024757,6514245,IRFC.NS
2021-08-31,23,23.35000038,22.85000038,22.95000076,20.60535622,12755814,IRFC.NS
2021-09-01,23.04999924,23.14999962,22.95000076,23.04999924,20.69513893,5746286,IRFC.NS
2021-09-02,23.10000038,23.14999962,22.95000076,23,20.65024757,4622547,IRFC.NS
2021-09-03,23,23.14999962,23,23.04999924,20.69513893,4485349,IRFC.NS
2021-09-06,23.10000038,23.14999962,23,23.04999924,20.69513893,3775722,IRFC.NS
2021-09-07,23.10000038,23.14999962,22.95000076,23,20.65024757,5302631,IRFC.NS
2021-09-08,23.04999924,23.14999962,23,23,20.65024757,3914433,IRFC.NS
2021-09-09,23.04999924,23.10000038,23,23.04999924,20.69513893,3847580,IRFC.NS
2021-09-13,23.10000038,23.14999962,22.89999962,22.95000076,20.60535622,8635952,IRFC.NS
2021-09-14,23.10000038,23.10000038,22.89999962,22.95000076,20.60535622,11404677,IRFC.NS
2021-09-15,22.95000076,23,22.79999924,22.85000038,20.5155735,17256868,IRFC.NS
2021-09-16,22.89999962,22.95000076,22.70000076,22.79999924,20.47068024,22286215,IRFC.NS
2021-09-17,22.89999962,22.95000076,22.70000076,22.79999924,20.47068024,24880477,IRFC.NS
2021-09-20,22.75,22.89999962,22.60000038,22.64999962,20.33600616,10239638,IRFC.NS
2021-09-21,22.70000076,22.75,22.35000038,22.39999962,20.11154556,10140120,IRFC.NS
2021-09-22,22.45000076,22.60000038,22.29999924,22.35000038,20.06665421,9723023,IRFC.NS
2021-09-23,22.45000076,22.5,22.35000038,22.39999962,20.11154556,8459264,IRFC.NS
2021-09-24,22.45000076,22.54999924,22.25,22.29999924,20.02176285,10388205,IRFC.NS
2021-09-27,22.39999962,22.5,22.35000038,22.45000076,20.15643883,8668665,IRFC.NS
2021-09-28,22.39999962,22.5,22.29999924,22.35000038,20.06665421,11350575,IRFC.NS
2021-09-29,22.5,22.89999962,22.35000038,22.64999962,20.33600616,22206444,IRFC.NS
2021-09-30,22.89999962,23.04999924,22.70000076,22.85000038,20.5155735,14638191,IRFC.NS
2021-10-01,22.85000038,24,22.75,23.89999962,21.45830154,35110359,IRFC.NS
2021-10-04,24.20000076,24.54999924,23.79999924,23.85000038,21.41341209,28542026,IRFC.NS
2021-10-05,23.79999924,23.95000076,23.54999924,23.60000038,21.18894958,13352924,IRFC.NS
2021-10-06,23.60000038,24.20000076,23.54999924,23.64999962,21.23384285,40508684,IRFC.NS
2021-10-07,23.85000038,23.89999962,23.5,23.54999924,21.14405823,9134428,IRFC.NS
2021-10-08,23.64999962,23.79999924,23.54999924,23.60000038,21.18894958,7914906,IRFC.NS
2021-10-11,23.75,23.79999924,23.54999924,23.54999924,21.14405823,7353291,IRFC.NS
2021-10-12,23.54999924,23.64999962,23.39999962,23.45000076,21.05427551,8386488,IRFC.NS
2021-10-13,23.5,24.10000038,23.39999962,23.64999962,21.23384285,13948613,IRFC.NS
2021-10-14,23.70000076,23.85000038,23.60000038,23.60000038,21.18894958,12702200,IRFC.NS
2021-10-18,23.79999924,24.75,23.70000076,24.35000038,21.86232948,43875005,IRFC.NS
2021-10-19,24.45000076,24.60000038,23.64999962,23.85000038,21.41341209,23602125,IRFC.NS
2021-10-20,23.89999962,23.95000076,23.39999962,23.54999924,21.14405823,12927201,IRFC.NS
2021-10-21,23.64999962,24.35000038,23.60000038,24.20000076,21.7276535,25331808,IRFC.NS
2021-10-22,24.39999962,26.14999962,24.14999962,25.79999924,23.16419029,115092468,IRFC.NS
2021-10-25,26.20000076,26.39999962,24.60000038,24.95000076,22.40103149,53319421,IRFC.NS
2021-10-26,25,25.39999962,24.60000038,24.89999962,22.35613823,24445799,IRFC.NS
2021-10-27,25,25.29999924,24.79999924,24.85000038,22.31124878,18162921,IRFC.NS
2021-10-28,24.85000038,24.95000076,24.04999924,24.14999962,21.68276024,17364266,IRFC.NS
2021-10-29,23.85000038,24.35000038,23.25,24.20000076,21.7276535,16105471,IRFC.NS
2021-11-01,24.60000038,25.29999924,24.5,24.60000038,22.08678627,22482750,IRFC.NS
2021-11-02,24.79999924,24.85000038,24.45000076,24.54999924,22.04189491,12204586,IRFC.NS
2021-11-03,24.70000076,25.20000076,24.54999924,25.04999924,22.49081421,19662155,IRFC.NS
2021-11-04,25.29999924,25.5,25.20000076,25.29999924,22.7152729,9910868,IRFC.NS
2021-11-08,25.5,25.64999962,25.04999924,25.39999962,22.80505562,22364054,IRFC.NS
2021-11-09,25.70000076,26,25.35000038,25.85000038,23.20908356,27949534,IRFC.NS
2021-11-10,25.14999962,25.25,24.70000076,24.79999924,22.94997025,18408557,IRFC.NS
2021-11-11,24.75,24.79999924,24.54999924,24.54999924,22.7186203,9087058,IRFC.NS
2021-11-12,24.54999924,24.64999962,24.20000076,24.39999962,22.57980919,9367045,IRFC.NS
2021-11-15,24.70000076,24.75,24.20000076,24.29999924,22.48727036,7472234,IRFC.NS
2021-11-16,24.39999962,24.39999962,24.20000076,24.25,22.44099998,4493317,IRFC.NS
2021-11-17,24.14999962,24.25,23.95000076,24,22.20965004,7206748,IRFC.NS
2021-11-18,23.95000076,24.04999924,23.54999924,23.54999924,21.79321861,12290674,IRFC.NS
2021-11-22,23.5,24,23.35000038,23.75,21.97829819,15144944,IRFC.NS
2021-11-23,23.79999924,24,23.5,23.85000038,22.07084084,7176938,IRFC.NS
2021-11-24,23.95000076,24,23.70000076,23.75,21.97829819,5884980,IRFC.NS
2021-11-25,23.75,23.79999924,23.54999924,23.70000076,21.93202972,5125837,IRFC.NS
2021-11-26,23.5,23.70000076,23.29999924,23.35000038,21.60813904,7209870,IRFC.NS
2021-11-29,23.14999962,23.89999962,22.70000076,23.14999962,21.42305756,26736896,IRFC.NS
2021-11-30,23.14999962,23.60000038,23.14999962,23.25,21.5155983,4271236,IRFC.NS
2021-12-01,23.39999962,23.45000076,23.10000038,23.14999962,21.42305756,5898569,IRFC.NS
2021-12-02,23.35000038,23.35000038,23.10000038,23.25,21.5155983,4187212,IRFC.NS
2021-12-03,23.20000076,23.75,23.20000076,23.39999962,21.6544075,5631044,IRFC.NS
2021-12-06,23.5,23.54999924,23.20000076,23.29999924,21.56186676,5983533,IRFC.NS
2021-12-07,23.5,23.60000038,23.10000038,23.20000076,21.46932983,6328241,IRFC.NS
2021-12-08,23.35000038,23.5,23.25,23.39999962,21.6544075,4939244,IRFC.NS
2021-12-09,23.54999924,23.79999924,23.35000038,23.60000038,21.83948898,5503212,IRFC.NS
2021-12-10,23.60000038,23.79999924,23.54999924,23.70000076,21.93202972,5319317,IRFC.NS
2021-12-13,23.89999962,23.89999962,23.54999924,23.60000038,21.83948898,4212726,IRFC.NS
2021-12-14,23.39999962,23.64999962,23.39999962,23.45000076,21.70067787,4350221,IRFC.NS
2021-12-15,23.45000076,23.54999924,23.20000076,23.29999924,21.56186676,4861713,IRFC.NS
2021-12-16,23.35000038,23.45000076,22.79999924,23.04999924,21.33051682,9157304,IRFC.NS
2021-12-17,23.10000038,23.10000038,22.70000076,22.79999924,21.09916687,10293500,IRFC.NS
2021-12-20,22.75,22.75,22.45000076,22.5,20.82154655,7969017,IRFC.NS
2021-12-21,22.54999924,22.75,22.45000076,22.5,20.82154655,7246168,IRFC.NS
2021-12-22,22.60000038,22.70000076,22.39999962,22.60000038,20.9140873,7072820,IRFC.NS
2021-12-23,22.70000076,23.04999924,22.64999962,22.89999962,21.19170761,8518409,IRFC.NS
2021-12-24,22.85000038,22.85000038,22.45000076,22.54999924,20.86781693,6593200,IRFC.NS
2021-12-27,22.60000038,22.70000076,22.45000076,22.60000038,20.9140873,4025184,IRFC.NS
2021-12-28,22.60000038,22.89999962,22.54999924,22.79999924,21.09916687,4058607,IRFC.NS
2021-12-29,22.85000038,23.04999924,22.79999924,22.85000038,21.14543915,3573893,IRFC.NS
2021-12-30,22.89999962,22.95000076,22.75,22.79999924,21.09916687,2701320,IRFC.NS
2021-12-31,22.89999962,23,22.79999924,22.85000038,21.14543915,3542826,IRFC.NS
2022-01-03,22.95000076,23.10000038,22.89999962,23.04999924,21.33051682,6385594,IRFC.NS
2022-01-04,23.10000038,23.20000076,22.95000076,23.04999924,21.33051682,6402243,IRFC.NS
2022-01-05,23.04999924,23.10000038,22.70000076,22.85000038,21.14543915,7127303,IRFC.NS
2022-01-06,22.79999924,22.95000076,22.70000076,22.85000038,21.14543915,7417986,IRFC.NS
2022-01-07,23,23.04999924,22.89999962,22.95000076,21.23797607,5352715,IRFC.NS
2022-01-10,23.04999924,23.04999924,22.89999962,22.95000076,21.23797607,8226337,IRFC.NS
2022-01-11,22.95000076,23.20000076,22.85000038,22.95000076,21.23797607,11344815,IRFC.NS
2022-01-12,23.14999962,23.14999962,22.95000076,23.04999924,21.33051682,7981078,IRFC.NS
2022-01-13,23.10000038,23.10000038,22.95000076,23,21.28424644,6196111,IRFC.NS
2022-01-14,23,23.75,22.89999962,23.70000076,21.93202972,16831189,IRFC.NS
2022-01-17,23.95000076,24.25,23.79999924,24.04999924,22.2559185,16579585,IRFC.NS
2022-01-18,24.25,24.35000038,23.64999962,23.70000076,21.93202972,7441045,IRFC.NS
2022-01-19,23.64999962,23.75,23.5,23.54999924,21.79321861,5504174,IRFC.NS
2022-01-20,23.54999924,23.75,23.5,23.54999924,21.79321861,5622661,IRFC.NS
2022-01-21,23.5,23.85000038,23.25,23.29999924,21.56186676,8028725,IRFC.NS
2022-01-24,23.35000038,23.5,22.75,22.85000038,21.14543915,12317944,IRFC.NS
2022-01-25,22.79999924,23.10000038,22.5,23,21.28424644,6995265,IRFC.NS
2022-01-27,23,23.14999962,22.79999924,22.95000076,21.23797607,7169492,IRFC.NS
2022-01-28,23.04999924,23.29999924,23,23.04999924,21.33051682,5703163,IRFC.NS
2022-01-31,23.39999962,23.39999962,23.14999962,23.35000038,21.60813904,6102682,IRFC.NS
2022-02-01,23.45000076,23.60000038,23.04999924,23.14999962,21.42305756,10345830,IRFC.NS
2022-02-02,23.25,23.39999962,23.14999962,23.25,21.5155983,5780813,IRFC.NS
2022-02-03,23.25,23.35000038,23.14999962,23.20000076,21.46932983,4151889,IRFC.NS
2022-02-04,23.20000076,23.29999924,23,23.04999924,21.33051682,5329628,IRFC.NS
2022-02-07,23.10000038,23.14999962,23,23.04999924,21.33051682,5132340,IRFC.NS
2022-02-08,23.10000038,23.14999962,22.89999962,23,21.28424644,5051898,IRFC.NS
2022-02-09,23.04999924,23.14999962,23,23.04999924,21.33051682,3686570,IRFC.NS
2022-02-10,23.14999962,23.5,23.04999924,23.14999962,21.42305756,9814830,IRFC.NS
2022-02-11,23.14999962,23.20000076,22.89999962,22.95000076,21.23797607,7856571,IRFC.NS
2022-02-14,22.79999924,22.85000038,22,22.10000038,20.4513855,11887542,IRFC.NS
2022-02-15,22.35000038,22.54999924,22.10000038,22.5,20.82154655,6329315,IRFC.NS
2022-02-16,22.60000038,22.70000076,22.45000076,22.54999924,20.86781693,5154180,IRFC.NS
2022-02-17,22.64999962,22.64999962,22.39999962,22.45000076,20.77527618,2990546,IRFC.NS
2022-02-18,22.45000076,22.45000076,22.20000076,22.25,20.59019661,3970610,IRFC.NS
2022-02-21,22.10000038,22.20000076,22,22.04999924,20.40511513,5325454,IRFC.NS
2022-02-22,21.79999924,21.89999962,21.64999962,21.75,20.12749481,7967669,IRFC.NS
2022-02-23,21.75,22.10000038,21.75,22,20.35884476,13657093,IRFC.NS
2022-02-24,21.64999962,21.64999962,20.89999962,21,19.43344307,15562873,IRFC.NS
2022-02-25,21.14999962,21.64999962,21.14999962,21.5,19.89614487,6627144,IRFC.NS
2022-02-28,21.39999962,21.64999962,21.20000076,21.60000038,19.9886837,3719485,IRFC.NS
2022-03-02,21.85000038,21.85000038,21.54999924,21.70000076,20.08122444,4596433,IRFC.NS
2022-03-03,21.79999924,21.85000038,21.64999962,21.75,20.12749481,4153853,IRFC.NS
2022-03-04,21.70000076,21.70000076,21.45000076,21.54999924,19.94241524,4796578,IRFC.NS
2022-03-07,21.45000076,21.45000076,21.10000038,21.20000076,19.61852646,5512286,IRFC.NS
2022-03-08,21.14999962,21.79999924,21.04999924,21.54999924,19.94241524,8292033,IRFC.NS
2022-03-09,21.64999962,21.75,21.54999924,21.64999962,20.03495407,4997588,IRFC.NS
2022-03-10,21.89999962,21.95000076,21.70000076,21.79999924,20.17376518,5835297,IRFC.NS
2022-03-11,21.75,22,21.60000038,21.64999962,20.03495407,10641873,IRFC.NS
2022-03-14,21.85000038,22.14999962,21.64999962,22.10000038,20.4513855,7375394,IRFC.NS
2022-03-15,22.29999924,22.45000076,22.04999924,22.14999962,20.49765587,6846313,IRFC.NS
2022-03-16,22.25,22.35000038,22.10000038,22.25,20.59019661,4423308,IRFC.NS
2022-03-17,22.45000076,23.20000076,22.10000038,22.85000038,21.14543915,15192734,IRFC.NS
2022-03-21,23.04999924,23.10000038,22.60000038,22.64999962,20.96035576,6083898,IRFC.NS
2022-03-22,22.64999962,22.75,22.20000076,22.35000038,20.68273544,7366442,IRFC.NS
2022-03-23,22.35000038,22.60000038,22.25,22.35000038,20.68273544,6972424,IRFC.NS
2022-03-24,22.35000038,22.45000076,22.25,22.29999924,20.63646507,4405621,IRFC.NS
2022-03-25,22.35000038,22.39999962,22.04999924,22.10000038,20.4513855,5570071,IRFC.NS
2022-03-28,22.10000038,22.25,21.75,21.79999924,20.17376518,7159635,IRFC.NS
2022-03-29,21.85000038,21.89999962,21.54999924,21.54999924,19.94241524,6497792,IRFC.NS
2022-03-30,21.64999962,21.75,21.45000076,21.5,19.89614487,6814486,IRFC.NS
2022-03-31,21.54999924,21.70000076,21.39999962,21.45000076,19.8498745,8040582,IRFC.NS
2022-04-01,21.39999962,21.60000038,21.35000038,21.5,19.89614487,10607411,IRFC.NS
2022-04-04,21.60000038,21.85000038,21.54999924,21.64999962,20.03495407,13261803,IRFC.NS
2022-04-05,21.64999962,22.29999924,21.64999962,22.14999962,20.49765587,8377562,IRFC.NS
2022-04-06,22.04999924,22.29999924,22,22.10000038,20.4513855,6691801,IRFC.NS
2022-04-07,22.20000076,22.35000038,22.14999962,22.29999924,20.63646507,6164467,IRFC.NS
2022-04-08,22.39999962,22.60000038,22.35000038,22.5,20.82154655,5812243,IRFC.NS
2022-04-11,22.60000038,22.64999962,22.39999962,22.5,20.82154655,5636321,IRFC.NS
2022-04-12,22.39999962,22.45000076,22.10000038,22.25,20.59019661,5415858,IRFC.NS
2022-04-13,22.25,22.39999962,22.14999962,22.25,20.59019661,4063739,IRFC.NS
2022-04-18,22.25,22.29999924,21.89999962,22,20.35884476,4439796,IRFC.NS
2022-04-19,22.10000038,22.39999962,21.89999962,22,20.35884476,8634544,IRFC.NS
2022-04-20,22.04999924,22.20000076,21.95000076,22,20.35884476,4610776,IRFC.NS
2022-04-21,22.10000038,22.25,22.04999924,22.04999924,20.40511513,5046345,IRFC.NS
2022-04-22,22,22.64999962,21.95000076,22.39999962,20.72900581,13593912,IRFC.NS
2022-04-25,22.39999962,22.45000076,22.14999962,22.29999924,20.63646507,6980246,IRFC.NS
2022-04-26,22.29999924,22.39999962,22.25,22.29999924,20.63646507,4007088,IRFC.NS
2022-04-27,22.20000076,22.39999962,22.14999962,22.35000038,20.68273544,6440370,IRFC.NS
2022-04-28,22.45000076,22.5,22.20000076,22.39999962,20.72900581,5196942,IRFC.NS
2022-04-29,22.39999962,22.64999962,22.20000076,22.29999924,20.63646507,5980303,IRFC.NS
2022-05-02,22.25,22.29999924,22.14999962,22.25,20.59019661,5574697,IRFC.NS
2022-05-04,22.25,22.35000038,22,22,20.35884476,5020823,IRFC.NS
2022-05-05,22.10000038,22.20000076,22,22.04999924,20.40511513,4973251,IRFC.NS
2022-05-06,21.85000038,22,21.64999962,21.70000076,20.08122444,4008872,IRFC.NS
2022-05-09,21.70000076,21.75,21.45000076,21.70000076,20.08122444,4374681,IRFC.NS
2022-05-10,21.79999924,21.85000038,21.45000076,21.45000076,19.8498745,6627695,IRFC.NS
2022-05-11,21.5,21.54999924,21.20000076,21.39999962,19.80360413,5823704,IRFC.NS
2022-05-12,21.39999962,21.39999962,21.10000038,21.14999962,19.57225418,6472563,IRFC.NS
2022-05-13,21.25,21.35000038,21.25,21.29999924,19.71106339,3492615,IRFC.NS
2022-05-16,21.35000038,21.89999962,21.25,21.35000038,19.75733376,6334547,IRFC.NS
2022-05-17,21.45000076,21.64999962,21.39999962,21.5,19.89614487,3964019,IRFC.NS
2022-05-18,21.64999962,21.79999924,21.5,21.54999924,19.94241524,3198002,IRFC.NS
2022-05-19,21.35000038,21.64999962,21.25,21.39999962,19.80360413,4268661,IRFC.NS
2022-05-20,21.60000038,21.95000076,21.45000076,21.5,19.89614487,6539615,IRFC.NS
2022-05-23,21.70000076,21.75,21.35000038,21.39999962,19.80360413,4715492,IRFC.NS
2022-05-24,21.5,21.70000076,21.29999924,21.54999924,19.94241524,3822900,IRFC.NS
2022-05-25,21.70000076,21.70000076,21.25,21.29999924,19.71106339,3077016,IRFC.NS
2022-05-26,21.29999924,21.39999962,21.10000038,21.25,19.66479301,3482555,IRFC.NS
2022-05-27,21.29999924,21.45000076,21,21.20000076,19.61852646,4756468,IRFC.NS
2022-05-30,21.25,21.35000038,21.20000076,21.25,19.66479301,3085932,IRFC.NS
2022-05-31,21.25,21.29999924,21.20000076,21.20000076,19.61852646,2753514,IRFC.NS
2022-06-01,21.29999924,21.35000038,21.20000076,21.25,19.66479301,4618347,IRFC.NS
2022-06-02,21.25,21.5,21.20000076,21.45000076,19.8498745,2687254,IRFC.NS
2022-06-03,21.5,21.54999924,21.35000038,21.39999962,19.80360413,2376146,IRFC.NS
2022-06-06,21.39999962,21.39999962,21.20000076,21.25,19.66479301,3058575,IRFC.NS
2022-06-07,21.25,21.29999924,21.14999962,21.25,19.66479301,5467984,IRFC.NS
2022-06-08,21.25,21.29999924,21.20000076,21.25,19.66479301,1632520,IRFC.NS
2022-06-09,21.20000076,21.25,21.14999962,21.20000076,19.61852646,1638001,IRFC.NS
2022-06-10,21.14999962,21.20000076,21.10000038,21.14999962,19.57225418,1628912,IRFC.NS
2022-06-13,21.10000038,21.10000038,20.75,20.79999924,19.24836159,6978917,IRFC.NS
2022-06-14,20.75,20.89999962,20.70000076,20.75,19.20209312,4484916,IRFC.NS
2022-06-15,20.75,20.79999924,20.70000076,20.75,19.20209312,3060444,IRFC.NS
2022-06-16,20.79999924,20.79999924,20,20.20000076,18.69312286,7871297,IRFC.NS
2022-06-17,20.10000038,20.10000038,19.75,19.79999924,18.3229599,6562891,IRFC.NS
2022-06-20,19.79999924,19.85000038,19.29999924,19.5,18.04533958,4780572,IRFC.NS
2022-06-21,19.64999962,20,19.5,19.95000076,18.46177101,3006661,IRFC.NS
2022-06-22,19.95000076,20.04999924,19.85000038,19.89999962,18.41550064,2309521,IRFC.NS
2022-06-23,19.79999924,20,19.75,19.85000038,18.36923218,2903295,IRFC.NS
2022-06-24,19.85000038,19.89999962,19.70000076,19.75,18.27668953,3141275,IRFC.NS
2022-06-27,19.85000038,19.89999962,19.70000076,19.75,18.27668953,3435302,IRFC.NS
2022-06-28,19.79999924,19.79999924,19.54999924,19.64999962,18.1841507,3878945,IRFC.NS
2022-06-29,19.54999924,19.75,19.45000076,19.64999962,18.1841507,2911052,IRFC.NS
2022-06-30,19.64999962,19.70000076,19.54999924,19.64999962,18.1841507,2829852,IRFC.NS
2022-07-01,19.70000076,20.04999924,19.60000038,19.95000076,18.46177101,2510750,IRFC.NS
2022-07-04,20.10000038,20.10000038,19.64999962,19.75,18.27668953,4764980,IRFC.NS
2022-07-05,19.85000038,20,19.79999924,19.89999962,18.41550064,2172288,IRFC.NS
2022-07-06,19.95000076,20,19.85000038,19.95000076,18.46177101,3057654,IRFC.NS
2022-07-07,20,20.10000038,19.89999962,19.95000076,18.46177101,2256307,IRFC.NS
2022-07-08,20,20.10000038,19.95000076,19.95000076,18.46177101,2821482,IRFC.NS
2022-07-11,19.95000076,20.25,19.89999962,20.14999962,18.64685249,2136231,IRFC.NS
2022-07-12,20.14999962,20.39999962,20.04999924,20.20000076,18.69312286,2131019,IRFC.NS
2022-07-13,20.29999924,20.29999924,20.04999924,20.10000038,18.60058212,1711397,IRFC.NS
2022-07-14,20.04999924,20.10000038,19.95000076,20,18.50804138,2438490,IRFC.NS
2022-07-15,20.04999924,20.20000076,19.95000076,20.10000038,18.60058212,3888758,IRFC.NS
2022-07-18,20.10000038,20.29999924,20.10000038,20.25,18.73939133,1920084,IRFC.NS
2022-07-19,20.25,20.5,20.20000076,20.45000076,18.92447281,1733146,IRFC.NS
2022-07-20,20.39999962,20.75,20.39999962,20.64999962,19.10955238,2638431,IRFC.NS
2022-07-21,20.64999962,20.64999962,20.54999924,20.54999924,19.01701164,1861097,IRFC.NS
2022-07-22,20.60000038,20.95000076,20.54999924,20.75,19.20209312,2691375,IRFC.NS
2022-07-25,20.75,20.79999924,20.45000076,20.54999924,19.01701164,2621417,IRFC.NS
2022-07-26,20.5,20.54999924,20.39999962,20.39999962,18.87820053,1044496,IRFC.NS
2022-07-27,20.39999962,20.39999962,20.25,20.29999924,18.78565979,1357707,IRFC.NS
2022-07-28,20.39999962,20.5,20.35000038,20.39999962,18.87820053,1509341,IRFC.NS
2022-07-29,20.45000076,20.70000076,20.45000076,20.60000038,19.06328201,2688899,IRFC.NS
2022-08-01,20.70000076,21.35000038,20.54999924,20.95000076,19.3871727,5196431,IRFC.NS
2022-08-02,21,21.39999962,20.95000076,21.25,19.66479301,3465913,IRFC.NS
2022-08-03,21.29999924,21.5,21.25,21.29999924,19.71106339,3404410,IRFC.NS
2022-08-04,21.45000076,21.64999962,21.14999962,21.29999924,19.71106339,5179908,IRFC.NS
2022-08-05,21.29999924,21.45000076,21.20000076,21.25,19.66479301,2668174,IRFC.NS
2022-08-08,21.25,21.45000076,21.20000076,21.35000038,19.75733376,2242450,IRFC.NS
2022-08-10,21.39999962,21.60000038,21.25,21.35000038,19.75733376,3695871,IRFC.NS
2022-08-11,21.5,21.60000038,21.14999962,21.20000076,19.61852646,3384528,IRFC.NS
2022-08-12,21.20000076,21.45000076,21.10000038,21.35000038,19.75733376,3140348,IRFC.NS
2022-08-16,21.39999962,21.45000076,21.25,21.35000038,19.75733376,3285567,IRFC.NS
2022-08-17,21.35000038,21.45000076,21.29999924,21.35000038,19.75733376,2817475,IRFC.NS
2022-08-18,21.29999924,21.54999924,21.25,21.39999962,19.80360413,3367337,IRFC.NS
2022-08-19,21.39999962,21.54999924,21.25,21.25,19.66479301,3208472,IRFC.NS
2022-08-22,21.29999924,21.29999924,20.89999962,20.95000076,19.3871727,2995773,IRFC.NS
2022-08-23,20.85000038,21.14999962,20.79999924,20.95000076,19.3871727,2215625,IRFC.NS
2022-08-24,20.95000076,21.10000038,20.89999962,21.04999924,19.47971153,5540331,IRFC.NS
2022-08-25,21.04999924,21.35000038,21.04999924,21.10000038,19.52598381,2519955,IRFC.NS
2022-08-26,21.25,21.5,21.20000076,21.25,19.66479301,4050990,IRFC.NS
2022-08-29,21.10000038,21.5,20.95000076,21.35000038,19.75733376,3976760,IRFC.NS
2022-08-30,21.5,21.5,21.35000038,21.39999962,19.80360413,2987602,IRFC.NS
2022-09-01,21.35000038,21.95000076,21.29999924,21.70000076,20.08122444,7092597,IRFC.NS
2022-09-02,21.79999924,22,21.60000038,21.95000076,20.31257439,7214311,IRFC.NS
2022-09-05,22.10000038,22.20000076,21.89999962,22.10000038,20.4513855,5413152,IRFC.NS
2022-09-06,22.14999962,22.5,22.10000038,22.39999962,20.72900581,7029366,IRFC.NS
2022-09-07,22.25,22.79999924,22.25,22.75,21.0528965,11453837,IRFC.NS
2022-09-08,22.85000038,23,22.70000076,22.75,21.0528965,8544734,IRFC.NS
2022-09-09,22.79999924,22.95000076,22.54999924,22.85000038,21.14543915,7536327,IRFC.NS
2022-09-12,22.85000038,23.04999924,22.60000038,22.95000076,21.23797607,11931156,IRFC.NS
2022-09-13,23,23.14999962,22.89999962,23.10000038,21.37678719,11480792,IRFC.NS
2022-09-14,22.85000038,22.95000076,22.79999924,22.85000038,21.14543915,4983940,IRFC.NS
2022-09-15,22.5,22.54999924,22.25,22.29999924,21.22156906,5293333,IRFC.NS
2022-09-16,22.10000038,22.25,21.79999924,22,20.93607712,7621644,IRFC.NS
2022-09-19,21.89999962,21.89999962,21.54999924,21.60000038,20.55541992,4090063,IRFC.NS
2022-09-20,21.60000038,21.79999924,21.54999924,21.64999962,20.60300255,2769912,IRFC.NS
2022-09-21,21.64999962,21.85000038,21.39999962,21.5,20.46025848,5095250,IRFC.NS
2022-09-22,21.5,21.54999924,21.29999924,21.45000076,20.41267586,3121582,IRFC.NS
2022-09-23,21.5,21.5,21.25,21.29999924,20.26992798,3349284,IRFC.NS
2022-09-26,21.25,21.25,20.79999924,20.89999962,19.88927269,6258183,IRFC.NS
2022-09-27,21.04999924,21.29999924,20.89999962,21.14999962,20.12718391,4591378,IRFC.NS
2022-09-28,21.79999924,21.79999924,21.04999924,21.25,20.22234726,6152889,IRFC.NS
2022-09-29,21.39999962,21.45000076,21.25,21.35000038,20.3175106,2861215,IRFC.NS
2022-09-30,21.35000038,21.45000076,21.14999962,21.25,20.22234726,3226644,IRFC.NS
2022-10-03,21.20000076,21.35000038,21.14999962,21.25,20.22234726,3531770,IRFC.NS
2022-10-04,21.29999924,21.45000076,21.29999924,21.35000038,20.3175106,2654820,IRFC.NS
2022-10-06,21.45000076,21.45000076,21.35000038,21.39999962,20.36509323,2409652,IRFC.NS
2022-10-07,21.35000038,21.39999962,21.25,21.35000038,20.3175106,1793061,IRFC.NS
2022-10-10,21.29999924,21.54999924,21.20000076,21.39999962,20.36509323,5286105,IRFC.NS
2022-10-11,21.5,21.54999924,21.29999924,21.35000038,20.3175106,2507254,IRFC.NS
2022-10-12,21.45000076,21.5,21.35000038,21.35000038,20.3175106,2250705,IRFC.NS
2022-10-13,21.35000038,21.45000076,21.29999924,21.39999962,20.36509323,2494125,IRFC.NS
2022-10-14,21.39999962,21.54999924,21.35000038,21.39999962,20.36509323,2736083,IRFC.NS
2022-10-17,21.39999962,21.39999962,21.20000076,21.29999924,20.26992798,2903656,IRFC.NS
2022-10-18,21.35000038,21.45000076,21.25,21.39999962,20.36509323,2954018,IRFC.NS
2022-10-19,21.5,21.5,21.35000038,21.45000076,20.41267586,3812012,IRFC.NS
2022-10-20,21.45000076,21.45000076,21.25,21.29999924,20.26992798,2138398,IRFC.NS
2022-10-21,21.29999924,21.39999962,21.29999924,21.35000038,20.3175106,1874409,IRFC.NS
2022-10-24,21.70000076,21.70000076,21.5,21.60000038,20.55541992,2874558,IRFC.NS
2022-10-25,21.45000076,22.10000038,21.45000076,21.95000076,20.88849449,7281948,IRFC.NS
2022-10-27,22.25,22.45000076,22.04999924,22.29999924,21.22156906,6706879,IRFC.NS
2022-10-28,22.29999924,22.60000038,22.29999924,22.35000038,21.26914978,6390289,IRFC.NS
2022-10-31,22.5,22.89999962,22.39999962,22.64999962,21.55464172,8254434,IRFC.NS
2022-11-01,22.75,22.89999962,22.45000076,22.54999924,21.45947838,7735529,IRFC.NS
2022-11-02,22.64999962,22.75,22.5,22.64999962,21.55464172,5131538,IRFC.NS
2022-11-03,22.64999962,23.04999924,22.54999924,22.79999924,21.6973896,11765692,IRFC.NS
2022-11-04,22.95000076,24.10000038,22.89999962,23.70000076,22.55386543,34154707,IRFC.NS
2022-11-07,23.95000076,25.25,23.95000076,24.70000076,23.50550652,52076818,IRFC.NS
2022-11-09,25,25.45000076,24.70000076,25.10000038,23.8861599,38875439,IRFC.NS
2022-11-10,25.04999924,25.14999962,24.39999962,24.45000076,23.26759529,14954605,IRFC.NS
2022-11-11,24.95000076,25.10000038,24.29999924,24.5,23.31517601,18761662,IRFC.NS
2022-11-14,24.64999962,25,24.39999962,24.79999924,23.60066795,22046223,IRFC.NS
2022-11-15,24.85000038,25.54999924,24.85000038,25.20000076,23.98132515,35052725,IRFC.NS
2022-11-16,25.20000076,27.35000038,25.20000076,26.95000076,25.64669609,191610244,IRFC.NS
2022-11-17,27.25,28.70000076,27.14999962,27.89999962,27.36301041,215982024,IRFC.NS
2022-11-18,28.10000038,28.45000076,26.79999924,27.5,26.97071075,108880653,IRFC.NS
2022-11-21,27.5,28.25,26.89999962,28.10000038,27.55916405,77988304,IRFC.NS
2022-11-22,28.20000076,30.20000076,28.10000038,28.95000076,28.3928051,174086537,IRFC.NS
2022-11-23,29,29.45000076,28.29999924,29.25,28.68702888,87003661,IRFC.NS
2022-11-24,29.5,31.70000076,29.39999962,30.89999962,30.30527115,239985161,IRFC.NS
2022-11-25,31.20000076,32.15000153,31.04999924,31.79999924,31.18794823,151615074,IRFC.NS
2022-11-28,32,34.79999924,31.79999924,33.54999924,32.90426636,321464637,IRFC.NS
2022-11-29,33.90000153,36.29999924,33.79999924,35.29999924,34.62058258,347649114,IRFC.NS
2022-11-30,36.09999847,37.09999847,32.5,32.79999924,32.16870117,356366103,IRFC.NS
2022-12-01,33.20000076,34.65000153,32.54999924,34.20000076,33.54175568,198522937,IRFC.NS
2022-12-02,34.70000076,34.75,33.90000153,34.5,33.83598328,100345607,IRFC.NS
2022-12-05,34.70000076,34.70000076,33.45000076,33.65000153,33.00234604,71585440,IRFC.NS
2022-12-06,33.25,33.65000153,32.04999924,33,32.36485672,107014786,IRFC.NS
2022-12-07,33.15000153,33.65000153,32.70000076,33.04999924,32.41389084,70789132,IRFC.NS
2022-12-08,33.25,33.29999924,31.95000076,32.20000076,31.58025169,55312942,IRFC.NS
2022-12-09,32.20000076,32.5,30.60000038,31.04999924,30.45238304,65342359,IRFC.NS
2022-12-12,31,33.95000076,30.25,33.40000153,32.75715637,142467203,IRFC.NS
2022-12-13,33.95000076,34.70000076,33.59999847,33.79999924,33.14945602,105835589,IRFC.NS
2022-12-14,34,34.09999847,32.79999924,33.95000076,33.29656982,64653991,IRFC.NS
2022-12-15,33.70000076,33.84999847,32.75,32.90000153,32.26677704,46565124,IRFC.NS
2022-12-16,32.29999924,32.75,31.54999924,32.09999847,31.48217392,43591915,IRFC.NS
2022-12-19,32.29999924,33.25,32.20000076,32.84999847,32.21773911,38418582,IRFC.NS
2022-12-20,32.95000076,35.90000153,32.59999847,35.65000153,34.96385193,181272162,IRFC.NS
2022-12-21,36.20000076,36.5,30.89999962,32.29999924,31.67832375,192467386,IRFC.NS
2022-12-22,33,33.40000153,31,31.25,30.64853668,99443583,IRFC.NS
2022-12-23,30.95000076,30.95000076,27.54999924,27.85000038,27.31397438,122876842,IRFC.NS
2022-12-26,28.25,30.79999924,27.85000038,30.35000038,29.7658577,136601051,IRFC.NS
2022-12-27,31.29999924,32.40000153,31.04999924,32.09999847,31.48217392,89075438,IRFC.NS
2022-12-28,32.15000153,33.20000076,31.54999924,32.5,31.87447739,104597559,IRFC.NS
2022-12-29,32,33.20000076,31.70000076,32.70000076,32.07062912,87697856,IRFC.NS
2022-12-30,33.09999847,33.25,32.34999847,32.54999924,31.92351341,42178363,IRFC.NS
2023-01-02,32.70000076,33.34999847,32.5,32.90000153,32.26677704,40172355,IRFC.NS
2023-01-03,33,34.15000153,32.90000153,33.84999847,33.19849396,84881999,IRFC.NS
2023-01-04,34.04999924,34.59999847,33,33.25,32.61004257,75920751,IRFC.NS
2023-01-05,33.45000076,33.65000153,32.20000076,32.75,32.11966324,45698294,IRFC.NS
2023-01-06,32.95000076,33.09999847,32.34999847,32.70000076,32.07062912,27818130,IRFC.NS
2023-01-09,33.04999924,33.34999847,32.54999924,32.70000076,32.07062912,28648565,IRFC.NS
2023-01-10,32.84999847,32.90000153,32.04999924,32.15000153,31.53121376,22376324,IRFC.NS
2023-01-11,32.20000076,32.59999847,31.70000076,32.15000153,31.53121376,25187049,IRFC.NS
2023-01-12,32.29999924,32.90000153,32,32.75,32.11966324,41148274,IRFC.NS
2023-01-13,32.79999924,34.25,32.70000076,33.95000076,33.29656982,75271636,IRFC.NS
2023-01-16,34,34,33,33.15000153,32.51196671,43209016,IRFC.NS
2023-01-17,33.04999924,33.15000153,32.45000076,32.70000076,32.07062912,23809717,IRFC.NS
2023-01-18,32.90000153,33.40000153,32.79999924,33.04999924,32.41389084,26275227,IRFC.NS
2023-01-19,32.79999924,33.59999847,32.45000076,33.15000153,32.51196671,43947894,IRFC.NS
2023-01-20,33.15000153,34.15000153,32.95000076,33.09999847,32.46292877,37966558,IRFC.NS
2023-01-23,33.40000153,33.65000153,32.65000153,32.84999847,32.21773911,47560769,IRFC.NS
2023-01-24,32.90000153,33.34999847,32.40000153,32.59999847,31.97255135,34050557,IRFC.NS
2023-01-25,32.59999847,32.84999847,31.75,31.95000076,31.33506393,29120299,IRFC.NS
2023-01-27,32.15000153,32.29999924,30.45000076,31.29999924,30.69757271,34619490,IRFC.NS
2023-01-30,30.04999924,31.70000076,30.04999924,31.20000076,30.59949875,37227440,IRFC.NS
2023-01-31,31.54999924,33.25,31.39999962,33.04999924,32.41389084,35809352,IRFC.NS
2023-02-01,33.84999847,34.15000153,30.79999924,31.5,30.89372253,78444937,IRFC.NS
2023-02-02,31.5,32.45000076,31.25,31.54999924,30.94276047,24517707,IRFC.NS
2023-02-03,31.89999962,32.09999847,30.85000038,31.14999962,30.55045891,28559269,IRFC.NS
2023-02-06,31.54999924,31.54999924,30.04999924,30.20000076,29.6187439,30328389,IRFC.NS
2023-02-07,30.39999962,30.64999962,29.70000076,29.89999962,29.3245182,25692419,IRFC.NS
2023-02-08,30.10000038,30.79999924,29.54999924,30.35000038,29.7658577,29213321,IRFC.NS
2023-02-09,30.25,30.35000038,29.79999924,30.10000038,29.52066994,12967212,IRFC.NS
2023-02-10,29.95000076,30.39999962,29.85000038,30.10000038,29.52066994,12718144,IRFC.NS
2023-02-13,30.20000076,30.45000076,29.75,29.95000076,29.37355804,16476556,IRFC.NS
2023-02-14,29.79999924,29.85000038,29,29.14999962,28.58895302,23057839,IRFC.NS
2023-02-15,29,30.10000038,28.79999924,29.79999924,29.22644234,108461456,IRFC.NS
2023-02-16,29.60000038,29.95000076,28.79999924,28.95000076,28.3928051,37728708,IRFC.NS
2023-02-17,28.89999962,29.20000076,28.64999962,28.75,28.19665146,17614414,IRFC.NS
2023-02-20,28.95000076,29,28.20000076,28.5,27.9514637,13475222,IRFC.NS
2023-02-21,28.29999924,28.60000038,28.14999962,28.25,27.70627594,11287304,IRFC.NS
2023-02-22,28.20000076,28.20000076,27.79999924,27.89999962,27.36301041,14410318,IRFC.NS
2023-02-23,27.79999924,28.39999962,27.64999962,27.75,27.21589851,17475738,IRFC.NS
2023-02-24,27.95000076,28.25,27.79999924,27.85000038,27.31397438,10402222,IRFC.NS
2023-02-27,28.10000038,28.14999962,27,27.10000038,26.57840919,14416765,IRFC.NS
2023-02-28,27.25,27.5,26.79999924,26.95000076,26.43129921,16207572,IRFC.NS
2023-03-01,26.95000076,28.20000076,26.89999962,27.29999924,26.77456093,27761685,IRFC.NS
2023-03-02,27.45000076,29.5,27.35000038,28.5,27.9514637,74972504,IRFC.NS
2023-03-03,28.79999924,29,27.79999924,28.20000076,27.65723801,31886865,IRFC.NS
2023-03-06,28.45000076,29.20000076,28.10000038,28.20000076,27.65723801,24034894,IRFC.NS
2023-03-08,28.20000076,28.29999924,27.89999962,28.04999924,27.51012421,16951705,IRFC.NS
2023-03-09,28.10000038,28.75,27.75,27.85000038,27.31397438,29457034,IRFC.NS
2023-03-10,27.70000076,28.20000076,27.54999924,28,27.46108818,18602384,IRFC.NS
2023-03-13,28.14999962,28.20000076,27.25,27.39999962,26.87263489,16451332,IRFC.NS
2023-03-14,27.60000038,27.64999962,26.85000038,27.10000038,26.57840919,17256430,IRFC.NS
2023-03-15,27.39999962,27.60000038,26.85000038,27,26.48033524,10378460,IRFC.NS
2023-03-16,27,27.25,26.39999962,27.04999924,26.52937126,16145407,IRFC.NS
2023-03-17,27.25,27.5,26.85000038,27,26.48033524,14474482,IRFC.NS
2023-03-20,26.95000076,26.95000076,26.5,26.70000076,26.18610954,12817483,IRFC.NS
2023-03-21,26.89999962,26.95000076,26.75,26.79999924,26.2841835,8231139,IRFC.NS
2023-03-22,26.95000076,27.25,26.85000038,26.95000076,26.43129921,9524521,IRFC.NS
2023-03-23,26.89999962,27.04999924,26.70000076,26.79999924,26.2841835,9750086,IRFC.NS
2023-03-24,26.89999962,26.95000076,26.45000076,26.54999924,26.03899384,9405435,IRFC.NS
2023-03-27,26.60000038,26.89999962,25.75,25.89999962,25.40150452,14682995,IRFC.NS
2023-03-28,26,26,25.39999962,25.5,25.00920486,10179329,IRFC.NS
2023-03-29,25.5,26.5,25.5,26.35000038,25.84284592,15458843,IRFC.NS
2023-03-31,26.5,27.29999924,26.45000076,26.60000038,26.08803177,17209537,IRFC.NS
2023-04-03,26.85000038,28,26.70000076,27.79999924,27.26493645,27498143,IRFC.NS
2023-04-05,28,28.14999962,27.25,27.39999962,26.87263489,16069321,IRFC.NS
2023-04-06,27.35000038,27.70000076,27.20000076,27.45000076,26.92167473,12059313,IRFC.NS
2023-04-10,27.60000038,27.95000076,27.39999962,27.54999924,27.01974678,13598478,IRFC.NS
2023-04-11,27.60000038,27.89999962,27.54999924,27.60000038,27.06878853,10351890,IRFC.NS
2023-04-12,27.64999962,27.75,27.25,27.35000038,26.82359886,10628633,IRFC.NS
2023-04-13,27.39999962,28,27.35000038,27.5,26.97071075,12152354,IRFC.NS
2023-04-17,27.5,27.64999962,27.25,27.54999924,27.01974678,10152996,IRFC.NS
2023-04-18,27.54999924,28.64999962,27.5,28.25,27.70627594,29141937,IRFC.NS
2023-04-19,28.25,28.54999924,27.75,27.85000038,27.31397438,12802470,IRFC.NS
2023-04-20,27.95000076,28.35000038,27.79999924,28.20000076,27.65723801,21180929,IRFC.NS
2023-04-21,28.29999924,28.54999924,27.89999962,28.04999924,27.51012421,15543321,IRFC.NS
2023-04-24,28.10000038,30,27.95000076,29.54999924,28.98125458,114914226,IRFC.NS
2023-04-25,29.85000038,31.20000076,29.35000038,30.79999924,30.20719528,165437101,IRFC.NS
2023-04-26,31.04999924,31.60000038,30.04999924,30.25,29.66778183,124814428,IRFC.NS
2023-04-27,30.25,32.5,29.89999962,31.45000076,30.84468651,235048732,IRFC.NS
2023-04-28,31.70000076,32.34999847,31.5,31.75,31.1389122,94569856,IRFC.NS
2023-05-02,32.29999924,33.95000076,32.20000076,33.54999924,32.90426636,204453588,IRFC.NS
2023-05-03,33.70000076,36.04999924,33.54999924,35.45000076,34.76769638,343151755,IRFC.NS
2023-05-04,36.04999924,37.40000153,34,34.20000076,33.54175568,275121738,IRFC.NS
2023-05-05,34.45000076,35.34999847,34.09999847,34.84999847,34.179245,207483533,IRFC.NS
2023-05-08,35.25,36.04999924,34.70000076,34.84999847,34.179245,158914127,IRFC.NS
2023-05-09,35.25,35.54999924,32.70000076,32.90000153,32.26677704,126905423,IRFC.NS
2023-05-10,32.90000153,33.5,31.89999962,32.84999847,32.21773911,94417242,IRFC.NS
2023-05-11,33.40000153,34.34999847,33.20000076,33.70000076,33.05138397,137743556,IRFC.NS
2023-05-12,33.75,33.95000076,33.04999924,33.34999847,32.70811462,54099932,IRFC.NS
2023-05-15,33.59999847,33.95000076,33.04999924,33.45000076,32.80619049,48801180,IRFC.NS
2023-05-16,33.65000153,33.95000076,33.40000153,33.54999924,32.90426636,50104989,IRFC.NS
2023-05-17,33.65000153,34.65000153,33.59999847,34,33.34560776,87773958,IRFC.NS
2023-05-18,34.40000153,34.65000153,33.70000076,33.90000153,33.24753189,43139793,IRFC.NS
2023-05-19,34.09999847,34.25,33.04999924,33.5,32.85522842,38623945,IRFC.NS
2023-05-22,33.54999924,33.70000076,33.15000153,33.34999847,32.70811462,39038713,IRFC.NS
2023-05-23,33.40000153,33.75,33.25,33.34999847,32.70811462,26334035,IRFC.NS
2023-05-24,33.25,34.29999924,33.15000153,33.84999847,33.19849396,49417869,IRFC.NS
2023-05-25,33.90000153,34.15000153,31.64999962,32,31.38409996,78918846,IRFC.NS
2023-05-26,32,32.25,31.20000076,31.89999962,31.28602409,52280306,IRFC.NS
2023-05-29,32.25,32.59999847,32,32.45000076,31.82544136,38342982,IRFC.NS
2023-05-30,31.89999962,32.25,31.79999924,32,31.38409996,30754089,IRFC.NS
2023-05-31,32,32.29999924,31.79999924,32.20000076,31.58025169,25341934,IRFC.NS
2023-06-01,32.25,32.45000076,32,32.15000153,31.53121376,20794791,IRFC.NS
2023-06-02,32.29999924,32.40000153,31.89999962,32,31.38409996,18155919,IRFC.NS
2023-06-05,32.04999924,32.15000153,31.75,31.79999924,31.18794823,23679377,IRFC.NS
2023-06-06,31.85000038,32.5,31.79999924,32.29999924,31.67832375,31526798,IRFC.NS
2023-06-07,32.45000076,34.09999847,32.29999924,33.84999847,33.19849396,99888253,IRFC.NS
2023-06-08,34.15000153,34.20000076,33.09999847,33.40000153,32.75715637,46914299,IRFC.NS
2023-06-09,33.54999924,33.59999847,32.95000076,33.15000153,32.51196671,24830925,IRFC.NS
2023-06-12,33.25,33.29999924,32.90000153,33.04999924,32.41389084,18481171,IRFC.NS
2023-06-13,33.04999924,33.25,32.79999924,33,32.36485672,16812036,IRFC.NS
2023-06-14,33.25,33.5,33,33.04999924,32.41389084,19489115,IRFC.NS
2023-06-15,33.04999924,33.20000076,32.75,32.84999847,32.21773911,14736948,IRFC.NS
2023-06-16,33,33.25,32.79999924,32.95000076,32.31581497,18034381,IRFC.NS
2023-06-19,33.09999847,33.40000153,32.90000153,33,32.36485672,23821237,IRFC.NS
2023-06-20,32.84999847,33.20000076,32.65000153,33.09999847,32.46292877,17410144,IRFC.NS
2023-06-21,33.29999924,33.54999924,32.90000153,33.04999924,32.41389084,23054775,IRFC.NS
2023-06-22,33.04999924,33.15000153,32.65000153,32.79999924,32.16870117,14109469,IRFC.NS
2023-06-23,32.79999924,32.84999847,32.15000153,32.25,31.62928963,24307838,IRFC.NS
2023-06-26,32.29999924,32.79999924,31.95000076,32.34999847,31.72736359,11033301,IRFC.NS
2023-06-27,32.34999847,33,32.09999847,32.70000076,32.07062912,23652368,IRFC.NS
2023-06-28,32.65000153,32.84999847,32.5,32.65000153,32.02159119,9648453,IRFC.NS
2023-06-30,32.75,33.09999847,32.45000076,32.70000076,32.07062912,14373970,IRFC.NS
2023-07-03,32.84999847,33,32.70000076,32.75,32.11966324,16288496,IRFC.NS
2023-07-04,32.79999924,33.29999924,32.59999847,33.09999847,32.46292877,29446900,IRFC.NS
2023-07-05,33.20000076,34.15000153,33.15000153,33.45000076,32.80619049,41585187,IRFC.NS
2023-07-06,33.5,33.65000153,33.25,33.34999847,32.70811462,18663493,IRFC.NS
2023-07-07,33.29999924,33.5,32.90000153,33.09999847,32.46292877,14912804,IRFC.NS
2023-07-10,33.25,33.25,32.79999924,32.95000076,32.31581497,13203680,IRFC.NS
2023-07-11,32.95000076,33.09999847,32.79999924,32.90000153,32.26677704,13406298,IRFC.NS
2023-07-12,32.79999924,33.15000153,32.75,32.95000076,32.31581497,18276560,IRFC.NS
2023-07-13,33.04999924,33.09999847,32.40000153,32.54999924,31.92351341,12769558,IRFC.NS
2023-07-14,32.5,32.79999924,32.45000076,32.54999924,31.92351341,10988416,IRFC.NS
2023-07-17,32.54999924,32.79999924,32.34999847,32.5,31.87447739,17532573,IRFC.NS
2023-07-18,32.59999847,33.20000076,32.45000076,32.59999847,31.97255135,24480880,IRFC.NS
2023-07-19,32.70000076,32.95000076,32.54999924,32.84999847,32.21773911,14117155,IRFC.NS
2023-07-20,32.90000153,33.65000153,32.79999924,33.25,32.61004257,42035133,IRFC.NS
2023-07-21,33.29999924,35.20000076,33.20000076,34.95000076,34.27732468,172775659,IRFC.NS
2023-07-24,35.5,36.09999847,34.70000076,35.09999847,34.42443466,89931586,IRFC.NS
2023-07-25,35.15000153,35.20000076,34.29999924,34.45000076,33.78694534,33446144,IRFC.NS
2023-07-26,34.65000153,36.25,34.59999847,35.25,34.57154846,85247455,IRFC.NS
2023-07-27,35.34999847,35.34999847,34.54999924,34.84999847,34.179245,37679849,IRFC.NS
2023-07-28,35.09999847,35.45000076,34.75,35.04999924,34.37539673,30923854,IRFC.NS
2023-07-31,35.5,38.54999924,35.15000153,38.20000076,37.46476746,216012818,IRFC.NS
2023-08-01,39,41.70000076,38.79999924,40.5,39.72050095,381693749,IRFC.NS
2023-08-02,40.75,41.09999847,38.84999847,39.70000076,38.93590164,159610570,IRFC.NS
2023-08-03,39.90000153,45.29999924,39.75,44.70000076,43.83966446,454943778,IRFC.NS
2023-08-04,46.79999924,48.29999924,44.5,45.04999924,44.18292618,274350314,IRFC.NS
2023-08-07,45.95000076,50.65000153,45.70000076,49.75,48.79246902,306863736,IRFC.NS
2023-08-08,51.25,52,49.40000153,50.29999924,49.33188248,303287703,IRFC.NS
2023-08-09,49.90000153,50.09999847,48.04999924,48.95000076,48.00786591,170874267,IRFC.NS
2023-08-10,48.95000076,50.29999924,48.84999847,49.45000076,48.49824524,108926518,IRFC.NS
2023-08-11,49.70000076,50.15000153,48.5,48.90000153,47.95882797,69084615,IRFC.NS
2023-08-14,48.65000153,51.29999924,44.84999847,50.84999847,49.87129593,240638055,IRFC.NS
2023-08-16,50.90000153,52.70000076,50.40000153,51.25,50.26359558,207500648,IRFC.NS
2023-08-17,50,50,46.70000076,47.65000153,46.73288727,155217100,IRFC.NS
2023-08-18,47.65000153,49,46.40000153,47.25,46.3405838,127976241,IRFC.NS
2023-08-21,48.20000076,48.34999847,47.45000076,47.75,46.83096313,74415020,IRFC.NS
2023-08-22,48.09999847,48.20000076,47.59999847,47.84999847,46.92903519,40881273,IRFC.NS
2023-08-23,48,48.15000153,47.59999847,47.75,46.83096313,29610934,IRFC.NS
2023-08-24,48,50.25,47.90000153,48.59999847,47.66460037,119824410,IRFC.NS
2023-08-25,48.70000076,49.20000076,48.04999924,48.40000153,47.46845245,36732928,IRFC.NS
2023-08-28,48.90000153,49.29999924,48.5,48.70000076,47.76268005,42444304,IRFC.NS
2023-08-29,49.04999924,50.84999847,48.95000076,49.5,48.54727936,107331968,IRFC.NS
2023-08-30,50,50.84999847,49.59999847,49.79999924,48.84150314,57580129,IRFC.NS
2023-08-31,50.29999924,50.5,49.79999924,50.20000076,49.23380661,37388795,IRFC.NS
2023-09-01,50.5,56.5,50.09999847,55.75,54.67698669,236065708,IRFC.NS
2023-09-04,57.70000076,66.90000153,57.15000153,66.69999695,65.41622925,504243805,IRFC.NS
2023-09-05,69.75,75.69999695,69.5,72.25,70.85941315,573870002,IRFC.NS
2023-09-06,73.5,74,67.25,68.75,67.42677307,203998733,IRFC.NS
2023-09-07,69.09999847,74.5,68.19999695,73.15000153,71.74209595,202538874,IRFC.NS
2023-09-08,74.69999695,77.94999695,74.65000153,77.09999847,75.61606598,179288780,IRFC.NS
2023-09-11,81.69999695,84.80000305,81.5,84.75,83.11882782,169943821,IRFC.NS
2023-09-12,91,92.34999847,77.34999847,82.80000305,81.20635986,395003025,IRFC.NS
2023-09-13,79.90000153,84.30000305,75.40000153,78.90000153,77.38142395,238578975,IRFC.NS
2023-09-14,81,82,78.75,81.25,79.68619537,129797195,IRFC.NS
2023-09-15,81.75,82.15000153,78.75,79.34999847,78.49906158,77020431,IRFC.NS
2023-09-18,79.69999695,79.69999695,76.30000305,76.59999847,75.77854919,73958819,IRFC.NS
2023-09-20,76,79.44999695,74,77.19999695,76.37211609,76414678,IRFC.NS
2023-09-21,77.19999695,78.25,74,74.44999695,73.6516037,52360179,IRFC.NS
2023-09-22,75,76.09999847,71.34999847,75.09999847,74.29463196,94866289,IRFC.NS
2023-09-25,76.15000153,78.69999695,74.80000305,76.80000305,75.97640991,85506777,IRFC.NS
2023-09-26,77.19999695,77.44999695,75.55000305,75.94999695,75.13552094,33138244,IRFC.NS
2023-09-27,74.84999847,76.69999695,74.84999847,75.40000153,74.59142303,31966561,IRFC.NS
2023-09-28,76,76.30000305,74.5,74.84999847,74.0473175,25011662,IRFC.NS
2023-09-29,75.30000305,77.55000305,74.59999847,76.55000305,75.72908783,39254526,IRFC.NS
2023-10-03,76.84999847,77.80000305,76.30000305,76.59999847,75.77854919,32681918,IRFC.NS
2023-10-04,76.44999695,76.59999847,73.80000305,75.05000305,74.24517822,34505676,IRFC.NS
2023-10-05,75.75,75.84999847,74,74.34999847,73.55268097,20716740,IRFC.NS
2023-10-06,74.80000305,76,73.80000305,74.84999847,74.0473175,27407523,IRFC.NS
2023-10-09,72.65000153,72.94999695,70.34999847,71.15000153,70.38699341,49805228,IRFC.NS
2023-10-10,71.40000153,76.25,71.34999847,75.65000153,74.83873749,75097719,IRFC.NS
2023-10-11,76.59999847,77.65000153,75.34999847,75.59999847,74.78927612,45128089,IRFC.NS
2023-10-12,76.05000305,76.09999847,74.80000305,75.09999847,74.29463196,21587597,IRFC.NS
2023-10-13,75,78.34999847,74.5,76.59999847,75.77854919,78755411,IRFC.NS
2023-10-16,77.19999695,77.25,76.19999695,76.30000305,75.48177338,23187941,IRFC.NS
2023-10-17,76.94999695,80.80000305,76.59999847,79.15000153,78.3012085,153256370,IRFC.NS
2023-10-18,79.90000153,80.69999695,77.15000153,77.5,76.66889954,60210098,IRFC.NS
2023-10-19,76.09999847,78.40000153,75.80000305,77.59999847,76.76782227,36281928,IRFC.NS
2023-10-20,77.59999847,79.25,76.65000153,77.05000305,76.22372437,34571282,IRFC.NS
2023-10-23,77.5,77.94999695,72,72.19999695,71.42573547,59336442,IRFC.NS
2023-10-25,73.40000153,74.90000153,68,70.30000305,69.54611206,67364514,IRFC.NS
2023-10-26,68.90000153,71.40000153,65.75,70.19999695,69.4471817,109965024,IRFC.NS
2023-10-27,71.40000153,73.15000153,70.44999695,71.94999695,71.17841339,71117911,IRFC.NS
2023-10-30,72.44999695,73.09999847,69.90000153,72.75,71.96983337,44719772,IRFC.NS
2023-10-31,73.69999695,74.40000153,72.09999847,72.59999847,71.82144165,44614720,IRFC.NS
2023-11-01,72.94999695,73.40000153,72.5,72.94999695,72.16768646,17172572,IRFC.NS
2023-11-02,74,74.55000305,72.80000305,73.05000305,72.26662445,22236579,IRFC.NS
2023-11-03,72.69999695,73.34999847,71.05000305,72.15000153,71.37627411,35993734,IRFC.NS
2023-11-06,73.09999847,74.19999695,72.65000153,72.80000305,72.01930237,28925365,IRFC.NS
2023-11-07,73.25,74.30000305,72.80000305,73.05000305,72.26662445,32735491,IRFC.NS
2023-11-08,73.5,76.5,73.40000153,75.59999847,74.78927612,61639026,IRFC.NS
2023-11-09,76,76.90000153,74.09999847,74.59999847,73.79999542,35223000,IRFC.NS
2023-11-10,74.40000153,74.40000153,73.25,74.09999847,74.09999847,20115569,IRFC.NS
2023-11-13,74.59999847,74.65000153,73.55000305,73.65000153,73.65000153,21466105,IRFC.NS
2023-11-15,74.40000153,74.80000305,73.15000153,73.5,73.5,19871941,IRFC.NS
2023-11-16,73.75,73.90000153,73,73.09999847,73.09999847,15227424,IRFC.NS
2023-11-17,73.40000153,77.59999847,72.69999695,76.90000153,76.90000153,116818430,IRFC.NS
2023-11-20,77.40000153,78.5,75.80000305,76.09999847,76.09999847,46928842,IRFC.NS
2023-11-21,76.5,78.19999695,76.34999847,76.84999847,76.84999847,49893620,IRFC.NS
2023-11-22,77.30000305,78.09999847,75.5,76.69999695,76.69999695,35591880,IRFC.NS
2023-11-23,76.80000305,77.40000153,76.34999847,76.5,76.5,22783082,IRFC.NS
2023-11-24,76.84999847,77.5,75.90000153,76.09999847,76.09999847,21604709,IRFC.NS
2023-11-28,76.44999695,76.75,75.25,75.59999847,75.59999847,25080614,IRFC.NS
2023-11-29,76,76.34999847,75,75.30000305,75.30000305,14635478,IRFC.NS
2023-11-30,75.44999695,75.44999695,74.15000153,74.65000153,74.65000153,19003196,IRFC.NS
2023-12-01,74.94999695,77.25,74.80000305,75.40000153,75.40000153,34411168,IRFC.NS
2023-12-04,78,78.15000153,76.15000153,76.40000153,76.40000153,54336061,IRFC.NS
2023-12-05,77,77.19999695,75.80000305,76.15000153,76.15000153,28021269,IRFC.NS
2023-12-06,76.5,76.55000305,75.59999847,75.80000305,75.80000305,24145206,IRFC.NS
2023-12-07,75,76.65000153,74.59999847,76.05000305,76.05000305,25013914,IRFC.NS
2023-12-08,76.09999847,77.65000153,75.59999847,76.59999847,76.59999847,47322739,IRFC.NS
2023-12-11,77,83.34999847,76.80000305,82.19999695,82.19999695,268676897,IRFC.NS
2023-12-12,84.44999695,86.5,82.05000305,83.05000305,83.05000305,135491070,IRFC.NS
2023-12-13,84,85.40000153,83.09999847,83.5,83.5,84559239,IRFC.NS
2023-12-14,84.94999695,96.19999695,84.80000305,92.65000153,92.65000153,475975248,IRFC.NS
2023-12-15,95,100.8000031,94.09999847,94.69999695,94.69999695,325150277,IRFC.NS
2023-12-18,95.90000153,96.34999847,91.25,94.34999847,94.34999847,151821592,IRFC.NS
2023-12-19,94.94999695,101.5,94.5,100.0999985,100.0999985,328191530,IRFC.NS
2023-12-20,102.1999969,104.0999985,91.30000305,92.44999695,92.44999695,263936530,IRFC.NS
2023-12-21,90.90000153,99.80000305,87.09999847,98.84999847,98.84999847,280904719,IRFC.NS
2023-12-22,101,101.9000015,96.65000153,97.75,97.75,137646820,IRFC.NS
2023-12-26,98.5,99.30000305,96.55000305,97.40000153,97.40000153,77725407,IRFC.NS
2023-12-27,98,98.90000153,96.19999695,96.69999695,96.69999695,48428319,IRFC.NS
2023-12-28,97.25,98.59999847,96.05000305,96.44999695,96.44999695,59468778,IRFC.NS
2023-12-29,96.69999695,100.5,96.5,99.34999847,99.34999847,153201085,IRFC.NS
2024-01-01,100,102.4000015,99.40000153,100.4000015,100.4000015,102849848,IRFC.NS
2024-01-02,101,101.6500015,97.80000305,100,100,70051082,IRFC.NS
2024-01-03,100.1999969,101.9499969,99,100.9000015,100.9000015,96843171,IRFC.NS
2024-01-04,101.6999969,103.5999985,100.9000015,101.3000031,101.3000031,66810041,IRFC.NS
2024-01-05,101.9499969,102.4499969,99.90000153,100.75,100.75,43542157,IRFC.NS
2024-01-08,101.3499985,101.6999969,99.59999847,99.94999695,99.94999695,38895310,IRFC.NS
2024-01-09,100.9000015,102.1999969,99.90000153,100.0999985,100.0999985,44804938,IRFC.NS
2024-01-10,100.4499969,103.5,99.55000305,103.0500031,103.0500031,110316122,IRFC.NS
2024-01-11,104.6999969,109.3000031,104.25,106.8499985,106.8499985,191294222,IRFC.NS
2024-01-12,109,114,108.8499985,113.4000015,113.4000015,199380642,IRFC.NS
2024-01-15,113.4000015,113.4000015,113.4000015,113.4000015,113.4000015,0,IRFC.NS
2024-01-16,138.6000061,146.8000031,136.1499939,141.8500061,141.8500061,492705331,IRFC.NS
2024-01-17,138,150.6999969,133.0500031,149.1000061,149.1000061,336463589,IRFC.NS
2024-01-18,153,155,136.3000031,146.25,146.25,272134347,IRFC.NS
2024-01-19,149.5,160.8500061,149.1999969,160.25,160.25,266085180,IRFC.NS
2024-01-23,185.8000031,192.8000031,158.75,161.3000031,161.3000031,269108130,IRFC.NS
2024-01-24,165,173.3000031,151,171.8999939,171.8999939,198113352,IRFC.NS
2024-01-25,174.75,178.3000031,171.5,173.8500061,173.8500061,100074798,IRFC.NS
2024-01-29,177.3000031,178.3000031,169.3000031,170.8500061,170.8500061,74341987,IRFC.NS
2024-01-30,171.3999939,172.1499939,164.1499939,166.6499939,166.6499939,69398771,IRFC.NS
2024-01-31,167.8500061,176.8000031,166,175.1499939,175.1499939,84194726,IRFC.NS
2024-02-01,180,183.25,168.1999969,169.8999939,169.8999939,165894732,IRFC.NS
2024-02-02,172.6999969,175,167.1000061,168.9499969,168.9499969,61739734,IRFC.NS
2024-02-05,170.1499939,170.1999969,160,160.5500031,160.5500031,68987316,IRFC.NS
2024-02-06,161.3999939,164.1999969,152.1000061,160.8999939,160.8999939,81434112,IRFC.NS
2024-02-07,164.5,165.8999939,159.6499939,162.5,162.5,36816341,IRFC.NS
2024-02-08,164.3999939,164.3999939,160.6999969,161.9499969,161.9499969,34218693,IRFC.NS
2024-02-09,162,162,149.1499939,153.6999969,153.6999969,64801528,IRFC.NS
2024-02-12,150.6499939,151.0500031,130.1999969,132.9499969,132.9499969,128716009,IRFC.NS
2024-02-13,132,156.3000031,127.6500015,153.4499969,153.4499969,240631230,IRFC.NS
2024-02-14,153.3999939,157.3999939,145.5,154.3000031,154.3000031,152849830,IRFC.NS
2024-02-15,156.3000031,161.5,154.8999939,158.8999939,158.8999939,77035160,IRFC.NS
2024-02-16,159.75,161.3999939,155,155.4499969,155.4499969,41902227,IRFC.NS
2024-02-19,156,164.3500061,154.3500061,158.6499939,158.6499939,87423359,IRFC.NS
2024-02-20,159.6499939,160.75,157.1499939,158.5,158.5,35987220,IRFC.NS
2024-02-21,158.8500061,160.3999939,153.3999939,154.1999969,154.1999969,35706625,IRFC.NS
2024-02-22,154.1000061,155.8500061,149.1999969,152.1999969,152.1999969,39315419,IRFC.NS
2024-02-23,153.6999969,156.3999939,152.6999969,153.1999969,153.1999969,34425812,IRFC.NS
2024-02-26,154.3000031,156.3999939,151.75,152.3000031,152.3000031,35557532,IRFC.NS
2024-02-27,152.8999939,156.6499939,151,151.6000061,151.6000061,43995103,IRFC.NS
2024-02-28,152.8500061,153.3999939,145.5,147.3999939,147.3999939,39947465,IRFC.NS
2024-02-29,146,150.25,140.8000031,146.75,146.75,63490121,IRFC.NS
2024-03-01,148,151.3999939,146.5500031,147.3999939,147.3999939,30685800,IRFC.NS
2024-03-04,149.3999939,149.5,144.6499939,145.5500031,145.5500031,22040025,IRFC.NS
2024-03-05,144.8999939,148.3999939,143.8000031,145.0500031,145.0500031,23046386,IRFC.NS
2024-03-06,145.1999969,145.6999969,140,140.5,140.5,26188126,IRFC.NS
2024-03-07,141.3500061,144.3999939,139.6499939,143.6999969,143.6999969,24018294,IRFC.NS
2024-03-11,144.1499939,147.25,140.0500031,141.1000061,141.1000061,24321115,IRFC.NS
2024-03-12,141.8000031,142.3999939,135.6499939,136.75,136.75,34760039,IRFC.NS
2024-03-13,136.75,138.8000031,123,124.25,124.25,88853047,IRFC.NS
2024-03-14,120.9000015,142.5,116.6500015,140.25,140.25,194522257,IRFC.NS
2024-03-15,140.6999969,145.8500061,133.5,136.9499969,136.9499969,122337843,IRFC.NS
2024-03-18,138.3500061,139.6000061,132.8500061,134.9499969,134.9499969,56717160,IRFC.NS
2024-03-19,134.5,137.3999939,133.1000061,135.1999969,135.1999969,46347136,IRFC.NS
2024-03-20,136.1999969,138.1999969,132.8500061,133.1999969,133.1999969,39345072,IRFC.NS
2024-03-21,137,137.6499939,134.8000031,135.25,135.25,35779582,IRFC.NS
2024-03-22,135.9499969,145.1999969,135,140.9499969,140.9499969,112209659,IRFC.NS
2024-03-26,142.3999939,148.6999969,140.9499969,145.6999969,145.6999969,120887716,IRFC.NS
2024-03-27,147.5,150.9499969,141.6000061,142.8500061,142.8500061,89910843,IRFC.NS
2024-03-28,144.9499969,147.8000031,141.3000031,142.3500061,142.3500061,50962525,IRFC.NS
2024-04-01,145.1999969,146.75,143.8500061,144.8000031,144.8000031,47979360,IRFC.NS
2024-04-02,146.0500031,148.1499939,144.3000031,146.1000061,146.1000061,59236883,IRFC.NS
2024-04-03,145,147.8000031,144.5,145.3000031,145.3000031,42670072,IRFC.NS
2024-04-04,147,148.3000031,143.5,143.75,143.75,38590096,IRFC.NS
2024-04-05,144,149.3999939,142.8000031,147.8500061,147.8500061,81853830,IRFC.NS
2024-04-08,150,152.5,147,147.5,147.5,57797243,IRFC.NS
2024-04-09,148.5500031,149.3500061,145.6000061,147.1999969,147.1999969,38718449,IRFC.NS
2024-04-10,147.6999969,148.5500031,146.5,146.6999969,146.6999969,20413452,IRFC.NS
2024-04-12,146.6999969,147.6999969,145,145.3000031,145.3000031,27108905,IRFC.NS
2024-04-15,138.1000061,142,135.3000031,140.25,140.25,49605843,IRFC.NS
2024-04-16,139.8000031,142.6000061,138.1000061,141.6999969,141.6999969,25012121,IRFC.NS
2024-04-18,143.3999939,145.4499969,141.6000061,141.9499969,141.9499969,24827547,IRFC.NS
2024-04-19,140,142.25,137.5,141,141,28016383,IRFC.NS
2024-04-22,143,145,142.3999939,144.1000061,144.1000061,23609150,IRFC.NS
2024-04-23,144.75,148.1999969,143.6000061,147.75,147.75,41842082,IRFC.NS
2024-04-24,149,150.4499969,147.5,149,149,44593104,IRFC.NS
2024-04-25,149,152,147.25,150.25,150.25,43990323,IRFC.NS
2024-04-26,151,159,149.6000061,158.0500031,158.0500031,131170998,IRFC.NS
2024-04-29,161.5,164.1999969,159.6000061,160.8999939,160.8999939,67455723,IRFC.NS